{
  "project_info": {
    "project_number": "283246574785",
    "firebase_url": "https://fir-login-c14ec.firebaseio.com",
    "project_id": "fir-login-c14ec",
    "storage_bucket": "fir-login-c14ec.appspot.com"
  },
  "client": [
    {
      "client_info": {
        "mobilesdk_app_id": "1:283246574785:android:39813974bdc30260",
        "android_client_info": {
          "package_name": "com.naughty.centos.fiberbaselogin"
        }
      },
      "oauth_client": [
        {
          "client_id": "283246574785-a7mfqn2s62o7v0t6vjbpv0ruep13vs8l.apps.googleusercontent.com",
          "client_type": 1,
          "android_info": {
            "package_name": "com.naughty.centos.fiberbaselogin",
            "certificate_hash": "9fbee67d0d87638f3f41f62135e35d3f6e52808b"
          }
        },
        {
          "client_id": "283246574785-qmrj8q2jcror8rrc0ctiqilurj3jgtfv.apps.googleusercontent.com",
          "client_type": 3
        }
      ],
      "api_key": [
        {
          "current_key": "AIzaSyDoowPc9mP2OxNbo6eBM-00sBCoifwZB40"
        }
      ],
      "services": {
        "analytics_service": {
          "status": 1
        },
        "appinvite_service": {
          "status": 2,
          "other_platform_oauth_client": [
            {
              "client_id": "283246574785-qmrj8q2jcror8rrc0ctiqilurj3jgtfv.apps.googleusercontent.com",
              "client_type": 3
            }
          ]
        },
        "ads_service": {
          "status": 2
        }
      }
    }
  ],
  "configuration_version": "1"
}